physician_id,clinic_id,country,specialty,years_active
P0000001,C00001,FR,Aesthetic Medicine,5
P0000002,C00002,FR,Aesthetic Medicine,28
P0000003,C00003,FR,Aesthetic Medicine,34
P0000004,C00004,FR,Plastic Surgery,3
P0000005,C00005,FR,Plastic Surgery,10
P0000006,C00006,FR,Aesthetic Medicine,26
P0000007,C00007,FR,Dermatology,22
P0000008,C00008,FR,ENT,21
P0000009,C00009,FR,Aesthetic Medicine,30
P0000010,C00010,FR,Dermatology,14
P0000011,C00010,FR,ENT,15
P0000012,C00011,FR,GP,27
P0000013,C00012,FR,ENT,17
P0000014,C00012,FR,Aesthetic Medicine,2
P0000015,C00012,FR,Dermatology,10
P0000016,C00013,FR,Plastic Surgery,33
P0000017,C00014,FR,Plastic Surgery,31
P0000018,C00015,FR,Aesthetic Medicine,9
P0000019,C00016,FR,Plastic Surgery,14
P0000020,C00017,FR,Dermatology,12
P0000021,C00017,FR,GP,27
P0000022,C00018,FR,ENT,28
P0000023,C00019,FR,Plastic Surgery,19
P0000024,C00020,FR,Aesthetic Medicine,9
P0000025,C00021,FR,Dermatology,7
P0000026,C00022,FR,Plastic Surgery,26
P0000027,C00022,FR,Aesthetic Medicine,28
P0000028,C00023,FR,GP,24
P0000029,C00023,FR,Plastic Surgery,28
P0000030,C00024,FR,Dermatology,4
P0000031,C00024,FR,Plastic Surgery,22
P0000032,C00025,FR,Dermatology,2
P0000033,C00026,FR,Dermatology,4
P0000034,C00027,FR,ENT,9
P0000035,C00028,FR,Aesthetic Medicine,18
P0000036,C00029,FR,Dermatology,8
P0000037,C00030,FR,Plastic Surgery,7
P0000038,C00031,FR,ENT,3
P0000039,C00032,FR,Dermatology,15
P0000040,C00033,FR,Dermatology,14
P0000041,C00033,FR,GP,21
P0000042,C00034,FR,Dermatology,33
P0000043,C00035,FR,Aesthetic Medicine,3
P0000044,C00036,FR,Aesthetic Medicine,25
P0000045,C00037,FR,Aesthetic Medicine,12
P0000046,C00038,FR,Plastic Surgery,22
P0000047,C00038,FR,Dermatology,30
P0000048,C00039,FR,Plastic Surgery,34
P0000049,C00039,FR,Dermatology,22
P0000050,C00040,FR,Dermatology,11
P0000051,C00040,FR,Aesthetic Medicine,17
P0000052,C00041,FR,Aesthetic Medicine,34
P0000053,C00042,FR,Dermatology,32
P0000054,C00043,FR,Dermatology,1
P0000055,C00044,FR,Dermatology,4
P0000056,C00045,FR,Dermatology,35
P0000057,C00045,FR,Dermatology,27
P0000058,C00046,FR,Dermatology,4
P0000059,C00046,FR,GP,5
P0000060,C00047,FR,ENT,15
P0000061,C00048,FR,Dermatology,17
P0000062,C00049,FR,Dermatology,12
P0000063,C00050,FR,Aesthetic Medicine,24
P0000064,C00051,FR,Plastic Surgery,27
P0000065,C00051,FR,Dermatology,17
P0000066,C00052,FR,Plastic Surgery,7
P0000067,C00053,FR,Dermatology,13
P0000068,C00054,FR,Aesthetic Medicine,28
P0000069,C00055,FR,ENT,10
P0000070,C00056,FR,Aesthetic Medicine,17
P0000071,C00057,FR,Dermatology,24
P0000072,C00058,FR,Aesthetic Medicine,24
P0000073,C00058,FR,Aesthetic Medicine,8
P0000074,C00059,FR,Dermatology,23
P0000075,C00059,FR,Dermatology,21
P0000076,C00059,FR,Plastic Surgery,26
P0000077,C00060,FR,GP,9
P0000078,C00061,FR,GP,2
P0000079,C00062,FR,ENT,23
P0000080,C00062,FR,Dermatology,31
P0000081,C00063,FR,Dermatology,12
P0000082,C00064,FR,Aesthetic Medicine,31
P0000083,C00065,FR,Plastic Surgery,19
P0000084,C00066,FR,Aesthetic Medicine,10
P0000085,C00067,FR,Dermatology,3
P0000086,C00068,FR,Dermatology,9
P0000087,C00069,FR,Aesthetic Medicine,21
P0000088,C00070,FR,Dermatology,24
P0000089,C00071,FR,Aesthetic Medicine,12
P0000090,C00072,FR,ENT,17
P0000091,C00073,FR,Dermatology,4
P0000092,C00074,FR,Aesthetic Medicine,23
P0000093,C00075,FR,Dermatology,8
P0000094,C00075,FR,Aesthetic Medicine,5
P0000095,C00076,FR,Dermatology,21
P0000096,C00076,FR,ENT,5
P0000097,C00077,FR,Aesthetic Medicine,17
P0000098,C00077,FR,Dermatology,35
P0000099,C00078,FR,Plastic Surgery,31
P0000100,C00079,FR,GP,33
P0000101,C00080,FR,GP,9
P0000102,C00081,FR,Plastic Surgery,1
P0000103,C00082,FR,Aesthetic Medicine,34
P0000104,C00083,FR,Dermatology,5
P0000105,C00083,FR,Aesthetic Medicine,35
P0000106,C00084,FR,Dermatology,14
P0000107,C00085,FR,GP,3
P0000108,C00085,FR,Plastic Surgery,27
P0000109,C00086,FR,Dermatology,12
P0000110,C00086,FR,Dermatology,2
P0000111,C00087,FR,Dermatology,19
P0000112,C00088,FR,Dermatology,28
P0000113,C00089,FR,Plastic Surgery,26
P0000114,C00090,FR,Dermatology,6
P0000115,C00091,FR,GP,17
P0000116,C00092,FR,ENT,14
P0000117,C00093,FR,Aesthetic Medicine,14
P0000118,C00094,FR,GP,24
P0000119,C00094,FR,Aesthetic Medicine,20
P0000120,C00094,FR,Plastic Surgery,13
P0000121,C00095,FR,ENT,29
P0000122,C00096,FR,Aesthetic Medicine,2
P0000123,C00097,FR,Plastic Surgery,24
P0000124,C00098,FR,Dermatology,1
P0000125,C00098,FR,Dermatology,18
P0000126,C00099,FR,GP,25
P0000127,C00100,FR,Dermatology,5
P0000128,C00101,FR,ENT,28
P0000129,C00102,FR,ENT,21
P0000130,C00102,FR,Dermatology,25
P0000131,C00103,FR,Dermatology,17
P0000132,C00104,FR,ENT,24
P0000133,C00104,FR,Dermatology,5
P0000134,C00105,FR,Dermatology,32
P0000135,C00106,FR,Dermatology,35
P0000136,C00106,FR,Dermatology,17
P0000137,C00107,FR,GP,35
P0000138,C00108,FR,ENT,30
P0000139,C00109,FR,Aesthetic Medicine,14
P0000140,C00110,FR,Aesthetic Medicine,32
P0000141,C00111,FR,Dermatology,13
P0000142,C00112,FR,Dermatology,9
P0000143,C00113,FR,Plastic Surgery,28
P0000144,C00114,FR,ENT,4
P0000145,C00115,FR,Aesthetic Medicine,31
P0000146,C00116,FR,Plastic Surgery,12
P0000147,C00117,FR,Aesthetic Medicine,17
P0000148,C00117,FR,Dermatology,13
P0000149,C00118,FR,Dermatology,23
P0000150,C00119,FR,Plastic Surgery,9
P0000151,C00119,FR,Dermatology,10
P0000152,C00120,FR,Aesthetic Medicine,14
P0000153,C00121,FR,Plastic Surgery,2
P0000154,C00122,FR,Dermatology,5
P0000155,C00122,FR,Plastic Surgery,20
P0000156,C00123,FR,GP,2
P0000157,C00124,FR,ENT,6
P0000158,C00125,FR,GP,26
P0000159,C00126,FR,ENT,1
P0000160,C00127,FR,ENT,3
P0000161,C00127,FR,Dermatology,10
P0000162,C00128,FR,Aesthetic Medicine,28
P0000163,C00129,FR,Plastic Surgery,18
P0000164,C00130,FR,Dermatology,17
P0000165,C00131,FR,Aesthetic Medicine,8
P0000166,C00131,FR,ENT,11
P0000167,C00131,FR,Plastic Surgery,13
P0000168,C00132,FR,ENT,4
P0000169,C00133,FR,Dermatology,32
P0000170,C00134,FR,Aesthetic Medicine,31
P0000171,C00135,FR,Dermatology,4
P0000172,C00136,FR,Plastic Surgery,28
P0000173,C00137,FR,Aesthetic Medicine,16
P0000174,C00138,FR,Dermatology,10
P0000175,C00139,FR,Plastic Surgery,17
P0000176,C00140,FR,Dermatology,4
P0000177,C00141,FR,Dermatology,31
P0000178,C00142,FR,GP,11
P0000179,C00142,FR,Aesthetic Medicine,6
P0000180,C00143,FR,Dermatology,2
P0000181,C00144,FR,Plastic Surgery,18
P0000182,C00145,FR,ENT,17
P0000183,C00145,FR,Aesthetic Medicine,28
P0000184,C00146,FR,ENT,24
P0000185,C00147,FR,Dermatology,11
P0000186,C00148,FR,GP,18
P0000187,C00149,FR,Aesthetic Medicine,6
P0000188,C00150,FR,Dermatology,30
P0000189,C00151,FR,Aesthetic Medicine,8
P0000190,C00152,FR,Dermatology,17
P0000191,C00152,FR,Dermatology,15
P0000192,C00153,FR,Aesthetic Medicine,8
P0000193,C00154,FR,ENT,10
P0000194,C00155,FR,Aesthetic Medicine,19
P0000195,C00156,FR,Dermatology,19
P0000196,C00156,FR,Plastic Surgery,2
P0000197,C00157,FR,Dermatology,6
P0000198,C00158,FR,Aesthetic Medicine,12
P0000199,C00159,FR,Dermatology,7
P0000200,C00159,FR,Dermatology,21
P0000201,C00160,FR,Dermatology,34
P0000202,C00161,FR,ENT,28
P0000203,C00162,FR,ENT,31
P0000204,C00163,FR,ENT,1
P0000205,C00164,FR,Aesthetic Medicine,1
P0000206,C00164,FR,Dermatology,26
P0000207,C00165,FR,Dermatology,13
P0000208,C00166,FR,ENT,25
P0000209,C00166,FR,Aesthetic Medicine,10
P0000210,C00167,FR,ENT,19
P0000211,C00168,FR,GP,2
P0000212,C00169,FR,GP,27
P0000213,C00170,FR,Aesthetic Medicine,29
P0000214,C00171,FR,Dermatology,3
P0000215,C00171,FR,Dermatology,2
P0000216,C00172,FR,Dermatology,12
P0000217,C00172,FR,GP,24
P0000218,C00173,FR,Plastic Surgery,1
P0000219,C00174,FR,Dermatology,21
P0000220,C00175,FR,Dermatology,28
P0000221,C00176,FR,Aesthetic Medicine,29
P0000222,C00177,FR,Dermatology,1
P0000223,C00178,FR,ENT,8
P0000224,C00179,FR,ENT,34
P0000225,C00180,FR,Plastic Surgery,26
P0000226,C00180,FR,Aesthetic Medicine,22
P0000227,C00181,FR,Plastic Surgery,9
P0000228,C00182,FR,Dermatology,11
P0000229,C00182,FR,GP,20
P0000230,C00183,FR,GP,2
P0000231,C00184,FR,Dermatology,27
P0000232,C00185,FR,Aesthetic Medicine,24
P0000233,C00186,FR,Plastic Surgery,25
P0000234,C00187,FR,Dermatology,12
P0000235,C00187,FR,Dermatology,6
P0000236,C00188,FR,GP,13
P0000237,C00189,FR,Aesthetic Medicine,30
P0000238,C00189,FR,Plastic Surgery,20
P0000239,C00189,FR,Aesthetic Medicine,28
P0000240,C00190,FR,Dermatology,12
P0000241,C00191,FR,Dermatology,26
P0000242,C00192,FR,Dermatology,16
P0000243,C00193,FR,Aesthetic Medicine,14
P0000244,C00194,FR,Dermatology,10
P0000245,C00195,FR,GP,1
P0000246,C00196,FR,Plastic Surgery,33
P0000247,C00197,FR,Dermatology,9
P0000248,C00197,FR,Plastic Surgery,32
P0000249,C00197,FR,Dermatology,8
P0000250,C00198,FR,Plastic Surgery,16
P0000251,C00199,FR,GP,6
P0000252,C00200,FR,ENT,32
P0000253,C00200,FR,GP,23
P0000254,C00201,FR,Plastic Surgery,4
P0000255,C00202,FR,Aesthetic Medicine,1
P0000256,C00203,FR,Plastic Surgery,19
P0000257,C00204,FR,Plastic Surgery,26
P0000258,C00205,FR,Dermatology,18
P0000259,C00206,FR,Dermatology,2
P0000260,C00207,FR,Dermatology,30
P0000261,C00207,FR,Dermatology,1
P0000262,C00208,FR,Dermatology,2
P0000263,C00208,FR,Aesthetic Medicine,33
P0000264,C00209,FR,ENT,35
P0000265,C00210,FR,Dermatology,28
P0000266,C00211,FR,Dermatology,27
P0000267,C00211,FR,Dermatology,24
P0000268,C00212,FR,Plastic Surgery,5
P0000269,C00212,FR,Dermatology,30
P0000270,C00213,FR,Dermatology,32
P0000271,C00214,FR,Dermatology,14
P0000272,C00215,FR,Dermatology,13
P0000273,C00216,FR,Dermatology,28
P0000274,C00217,FR,Dermatology,11
P0000275,C00218,FR,Dermatology,1
P0000276,C00219,FR,Plastic Surgery,15
P0000277,C00220,FR,Dermatology,3
P0000278,C00220,FR,Aesthetic Medicine,34
P0000279,C00221,FR,Dermatology,25
P0000280,C00222,FR,Aesthetic Medicine,20
P0000281,C00223,FR,Dermatology,2
P0000282,C00224,FR,GP,19
P0000283,C00224,FR,Dermatology,27
P0000284,C00225,FR,Aesthetic Medicine,20
P0000285,C00226,FR,Aesthetic Medicine,31
P0000286,C00227,FR,Dermatology,16
P0000287,C00227,FR,Aesthetic Medicine,13
P0000288,C00228,FR,Plastic Surgery,13
P0000289,C00228,FR,Dermatology,27
P0000290,C00229,FR,ENT,34
P0000291,C00230,FR,Dermatology,11
P0000292,C00230,FR,Dermatology,24
P0000293,C00231,FR,Aesthetic Medicine,15
P0000294,C00231,FR,Plastic Surgery,26
P0000295,C00232,FR,Plastic Surgery,23
P0000296,C00233,FR,Plastic Surgery,18
P0000297,C00234,FR,Dermatology,32
P0000298,C00235,FR,Dermatology,25
P0000299,C00235,FR,Dermatology,30
P0000300,C00236,FR,Aesthetic Medicine,3
P0000301,C00237,FR,Aesthetic Medicine,35
P0000302,C00238,FR,ENT,2
P0000303,C00239,FR,Dermatology,16
P0000304,C00240,FR,GP,26
P0000305,C00240,FR,Dermatology,25
P0000306,C00241,FR,GP,19
P0000307,C00242,FR,Plastic Surgery,6
P0000308,C00242,FR,Dermatology,24
P0000309,C00243,FR,Plastic Surgery,11
P0000310,C00244,FR,Dermatology,4
P0000311,C00245,FR,Plastic Surgery,14
P0000312,C00246,FR,ENT,26
P0000313,C00246,FR,GP,29
P0000314,C00247,FR,Plastic Surgery,19
P0000315,C00248,FR,Dermatology,17
P0000316,C00249,FR,Dermatology,35
P0000317,C00250,FR,Dermatology,5
P0000318,C00250,FR,Dermatology,35
P0000319,C00251,FR,Plastic Surgery,30
P0000320,C00251,FR,Aesthetic Medicine,23
P0000321,C00252,FR,Plastic Surgery,10
P0000322,C00252,FR,Dermatology,11
P0000323,C00253,FR,Dermatology,33
P0000324,C00254,FR,ENT,23
P0000325,C00255,FR,Plastic Surgery,9
P0000326,C00256,FR,Dermatology,13
P0000327,C00257,FR,Dermatology,22
P0000328,C00257,FR,Dermatology,16
P0000329,C00257,FR,Dermatology,1
P0000330,C00258,FR,Plastic Surgery,3
P0000331,C00259,FR,Dermatology,18
P0000332,C00260,FR,Aesthetic Medicine,31
P0000333,C00260,FR,Dermatology,14
P0000334,C00261,FR,ENT,16
P0000335,C00262,FR,Aesthetic Medicine,13
P0000336,C00263,FR,Dermatology,9
P0000337,C00263,FR,ENT,25
P0000338,C00264,FR,Dermatology,31
P0000339,C00265,FR,Aesthetic Medicine,6
P0000340,C00266,FR,Dermatology,32
P0000341,C00267,FR,Aesthetic Medicine,14
P0000342,C00267,FR,ENT,33
P0000343,C00268,FR,Aesthetic Medicine,19
P0000344,C00269,FR,Aesthetic Medicine,34
P0000345,C00270,FR,Aesthetic Medicine,3
P0000346,C00271,FR,Plastic Surgery,13
P0000347,C00272,FR,Aesthetic Medicine,26
P0000348,C00272,FR,Dermatology,6
P0000349,C00273,FR,Dermatology,22
P0000350,C00274,FR,Dermatology,16
P0000351,C00275,FR,Dermatology,1
P0000352,C00276,FR,Plastic Surgery,18
P0000353,C00277,FR,Dermatology,5
P0000354,C00278,FR,Plastic Surgery,12
P0000355,C00279,FR,Aesthetic Medicine,17
P0000356,C00280,FR,Aesthetic Medicine,13
P0000357,C00281,FR,Aesthetic Medicine,6
P0000358,C00281,FR,Dermatology,31
P0000359,C00282,FR,Dermatology,19
P0000360,C00282,FR,Plastic Surgery,7
P0000361,C00283,FR,Dermatology,3
P0000362,C00284,FR,Dermatology,5
P0000363,C00285,FR,Aesthetic Medicine,34
P0000364,C00286,FR,Aesthetic Medicine,28
P0000365,C00287,FR,GP,8
P0000366,C00287,FR,ENT,8
P0000367,C00288,FR,Aesthetic Medicine,27
P0000368,C00289,FR,Aesthetic Medicine,25
P0000369,C00290,FR,Dermatology,7
P0000370,C00291,FR,GP,33
P0000371,C00292,FR,ENT,27
P0000372,C00293,FR,Dermatology,34
P0000373,C00293,FR,Plastic Surgery,35
P0000374,C00294,FR,Plastic Surgery,6
P0000375,C00295,FR,Dermatology,35
P0000376,C00296,FR,GP,35
P0000377,C00297,FR,Dermatology,33
P0000378,C00298,FR,Dermatology,26
P0000379,C00299,FR,ENT,27
P0000380,C00299,FR,Aesthetic Medicine,31
P0000381,C00300,FR,Plastic Surgery,5
P0000382,C00301,FR,Dermatology,4
P0000383,C00302,FR,Dermatology,13
P0000384,C00303,FR,Aesthetic Medicine,4
P0000385,C00304,FR,Dermatology,5
P0000386,C00305,FR,Aesthetic Medicine,4
P0000387,C00305,FR,Dermatology,22
P0000388,C00306,FR,ENT,2
P0000389,C00306,FR,Aesthetic Medicine,8
P0000390,C00307,FR,GP,20
P0000391,C00307,FR,Plastic Surgery,6
P0000392,C00308,FR,Dermatology,22
P0000393,C00309,FR,Aesthetic Medicine,11
P0000394,C00310,FR,Dermatology,26
P0000395,C00311,FR,Plastic Surgery,6
P0000396,C00312,FR,ENT,24
P0000397,C00313,FR,Plastic Surgery,15
P0000398,C00313,FR,Dermatology,32
P0000399,C00314,FR,GP,9
P0000400,C00315,FR,Dermatology,10
P0000401,C00316,FR,Plastic Surgery,8
P0000402,C00317,FR,Plastic Surgery,26
P0000403,C00318,FR,GP,25
P0000404,C00319,FR,Aesthetic Medicine,7
P0000405,C00320,FR,Aesthetic Medicine,6
P0000406,C00321,FR,Dermatology,32
P0000407,C00322,FR,GP,19
P0000408,C00323,FR,ENT,34
P0000409,C00324,FR,Aesthetic Medicine,21
P0000410,C00325,FR,Aesthetic Medicine,21
P0000411,C00326,FR,Aesthetic Medicine,22
P0000412,C00327,FR,Dermatology,22
P0000413,C00327,FR,Aesthetic Medicine,22
P0000414,C00328,FR,Aesthetic Medicine,19
P0000415,C00329,FR,Dermatology,4
P0000416,C00329,FR,Dermatology,33
P0000417,C00330,FR,Dermatology,8
P0000418,C00331,FR,Aesthetic Medicine,11
P0000419,C00332,FR,Dermatology,11
P0000420,C00333,FR,Dermatology,35
P0000421,C00334,FR,ENT,14
P0000422,C00334,FR,Plastic Surgery,9
P0000423,C00335,FR,Plastic Surgery,26
P0000424,C00335,FR,Aesthetic Medicine,19
P0000425,C00336,FR,Dermatology,26
P0000426,C00337,FR,Aesthetic Medicine,13
P0000427,C00338,FR,Plastic Surgery,26
P0000428,C00339,FR,Aesthetic Medicine,9
P0000429,C00340,FR,Dermatology,23
P0000430,C00341,FR,Plastic Surgery,32
P0000431,C00342,FR,Dermatology,23
P0000432,C00343,FR,Plastic Surgery,34
P0000433,C00343,FR,Aesthetic Medicine,23
P0000434,C00344,FR,Plastic Surgery,10
P0000435,C00345,FR,Dermatology,35
P0000436,C00346,FR,Plastic Surgery,5
P0000437,C00347,FR,Aesthetic Medicine,12
P0000438,C00347,FR,Aesthetic Medicine,3
P0000439,C00348,FR,Aesthetic Medicine,22
P0000440,C00348,FR,Aesthetic Medicine,22
P0000441,C00348,FR,GP,35
P0000442,C00349,FR,ENT,13
P0000443,C00350,FR,Dermatology,33
P0000444,C00351,FR,ENT,19
P0000445,C00351,FR,Dermatology,22
P0000446,C00352,FR,Plastic Surgery,4
P0000447,C00353,FR,Aesthetic Medicine,3
P0000448,C00354,FR,Dermatology,28
P0000449,C00355,FR,Dermatology,27
P0000450,C00356,FR,Dermatology,9
P0000451,C00356,FR,Aesthetic Medicine,23
P0000452,C00357,FR,Dermatology,27
P0000453,C00358,FR,Dermatology,23
P0000454,C00359,FR,Dermatology,12
P0000455,C00359,FR,Plastic Surgery,11
P0000456,C00360,FR,Dermatology,24
P0000457,C00360,FR,Plastic Surgery,7
P0000458,C00361,FR,Dermatology,14
P0000459,C00362,FR,ENT,9
P0000460,C00363,FR,Dermatology,32
P0000461,C00364,FR,Aesthetic Medicine,33
P0000462,C00364,FR,Aesthetic Medicine,1
P0000463,C00365,FR,Plastic Surgery,28
P0000464,C00366,FR,Plastic Surgery,20
P0000465,C00367,FR,ENT,33
P0000466,C00368,FR,Aesthetic Medicine,28
P0000467,C00369,FR,ENT,24
P0000468,C00370,FR,ENT,4
P0000469,C00371,FR,Dermatology,26
P0000470,C00372,FR,Dermatology,13
P0000471,C00373,FR,Dermatology,10
P0000472,C00374,FR,Dermatology,13
P0000473,C00375,FR,Aesthetic Medicine,19
P0000474,C00375,FR,Plastic Surgery,34
P0000475,C00376,FR,Dermatology,33
P0000476,C00376,FR,Aesthetic Medicine,18
P0000477,C00377,FR,Aesthetic Medicine,16
P0000478,C00378,FR,GP,3
P0000479,C00379,FR,Dermatology,13
P0000480,C00380,FR,GP,25
P0000481,C00381,FR,Dermatology,7
P0000482,C00382,FR,Plastic Surgery,32
P0000483,C00383,FR,Dermatology,13
P0000484,C00384,FR,Dermatology,19
P0000485,C00385,FR,Dermatology,24
P0000486,C00386,FR,Plastic Surgery,5
P0000487,C00387,FR,ENT,22
P0000488,C00388,FR,Aesthetic Medicine,21
P0000489,C00388,FR,Dermatology,23
P0000490,C00389,FR,Aesthetic Medicine,14
P0000491,C00390,FR,Dermatology,29
P0000492,C00390,FR,Aesthetic Medicine,27
P0000493,C00391,FR,GP,19
P0000494,C00392,FR,GP,32
P0000495,C00393,FR,Dermatology,2
P0000496,C00394,FR,ENT,31
P0000497,C00395,FR,Aesthetic Medicine,11
P0000498,C00396,FR,Plastic Surgery,14
P0000499,C00397,FR,Aesthetic Medicine,1
P0000500,C00398,FR,Plastic Surgery,20
P0000501,C00399,FR,Dermatology,9
P0000502,C00400,FR,Dermatology,32
P0000503,C00400,FR,Aesthetic Medicine,24
P0000504,C00401,BE,Aesthetic Medicine,27
P0000505,C00402,BE,ENT,13
P0000506,C00403,BE,Dermatology,1
P0000507,C00404,BE,Plastic Surgery,12
P0000508,C00405,BE,Dermatology,25
P0000509,C00406,BE,Aesthetic Medicine,26
P0000510,C00407,BE,ENT,25
P0000511,C00407,BE,Dermatology,9
P0000512,C00408,BE,Plastic Surgery,12
P0000513,C00409,BE,Plastic Surgery,15
P0000514,C00409,BE,Dermatology,34
P0000515,C00410,BE,Dermatology,10
P0000516,C00411,BE,ENT,12
P0000517,C00412,BE,Dermatology,4
P0000518,C00413,BE,GP,23
P0000519,C00414,BE,GP,18
P0000520,C00415,BE,Aesthetic Medicine,23
P0000521,C00416,BE,Dermatology,30
P0000522,C00417,BE,Dermatology,2
P0000523,C00418,BE,Plastic Surgery,13
P0000524,C00418,BE,GP,5
P0000525,C00419,BE,GP,32
P0000526,C00419,BE,Aesthetic Medicine,19
P0000527,C00420,BE,Aesthetic Medicine,22
P0000528,C00421,BE,Plastic Surgery,3
P0000529,C00421,BE,Dermatology,32
P0000530,C00421,BE,Aesthetic Medicine,19
P0000531,C00422,BE,Plastic Surgery,5
P0000532,C00422,BE,Aesthetic Medicine,13
P0000533,C00423,BE,GP,2
P0000534,C00424,BE,Aesthetic Medicine,11
P0000535,C00425,BE,Dermatology,18
P0000536,C00425,BE,ENT,15
P0000537,C00426,BE,Aesthetic Medicine,1
P0000538,C00427,BE,Aesthetic Medicine,31
P0000539,C00427,BE,Dermatology,28
P0000540,C00428,BE,Aesthetic Medicine,19
P0000541,C00429,BE,GP,10
P0000542,C00430,BE,Plastic Surgery,32
P0000543,C00431,BE,GP,1
P0000544,C00432,BE,Dermatology,33
P0000545,C00433,BE,Dermatology,18
P0000546,C00433,BE,Dermatology,29
P0000547,C00434,BE,Dermatology,12
P0000548,C00435,BE,Aesthetic Medicine,8
P0000549,C00435,BE,GP,4
P0000550,C00436,BE,Aesthetic Medicine,14
P0000551,C00437,BE,ENT,10
P0000552,C00438,BE,GP,31
P0000553,C00439,BE,ENT,30
P0000554,C00439,BE,ENT,14
P0000555,C00440,BE,Plastic Surgery,32
P0000556,C00440,BE,Plastic Surgery,8
P0000557,C00441,BE,Aesthetic Medicine,33
P0000558,C00442,BE,Dermatology,32
P0000559,C00443,BE,Aesthetic Medicine,30
P0000560,C00444,BE,Plastic Surgery,3
P0000561,C00445,BE,Plastic Surgery,3
P0000562,C00446,BE,Dermatology,35
P0000563,C00447,BE,Aesthetic Medicine,25
P0000564,C00448,BE,Plastic Surgery,29
P0000565,C00449,BE,Dermatology,13
P0000566,C00450,BE,Plastic Surgery,11
P0000567,C00451,BE,Plastic Surgery,28
P0000568,C00452,BE,Dermatology,33
P0000569,C00453,BE,Dermatology,33
P0000570,C00454,BE,Dermatology,25
P0000571,C00454,BE,ENT,17
P0000572,C00455,BE,Plastic Surgery,19
P0000573,C00456,BE,Aesthetic Medicine,11
P0000574,C00457,BE,Aesthetic Medicine,24
P0000575,C00458,BE,ENT,20
P0000576,C00459,BE,Dermatology,35
P0000577,C00460,BE,GP,19
P0000578,C00461,BE,Aesthetic Medicine,23
P0000579,C00462,BE,Plastic Surgery,29
P0000580,C00463,BE,ENT,15
P0000581,C00464,BE,Plastic Surgery,1
P0000582,C00465,BE,Plastic Surgery,18
P0000583,C00466,BE,Dermatology,7
P0000584,C00467,BE,GP,25
P0000585,C00468,BE,GP,9
P0000586,C00468,BE,Dermatology,9
P0000587,C00469,BE,GP,4
P0000588,C00470,BE,Plastic Surgery,20
P0000589,C00471,BE,Dermatology,15
P0000590,C00472,BE,ENT,22
P0000591,C00473,BE,Plastic Surgery,17
P0000592,C00474,BE,Aesthetic Medicine,9
P0000593,C00474,BE,Dermatology,30
P0000594,C00475,BE,Aesthetic Medicine,26
P0000595,C00476,BE,ENT,27
P0000596,C00477,BE,Dermatology,5
P0000597,C00478,BE,Aesthetic Medicine,32
P0000598,C00478,BE,Plastic Surgery,24
P0000599,C00478,BE,GP,31
P0000600,C00479,BE,Dermatology,17
P0000601,C00479,BE,Plastic Surgery,4
P0000602,C00480,BE,Dermatology,35
P0000603,C00481,BE,Dermatology,24
P0000604,C00481,BE,Aesthetic Medicine,11
P0000605,C00482,BE,Aesthetic Medicine,4
P0000606,C00483,BE,GP,14
P0000607,C00484,BE,Dermatology,18
P0000608,C00484,BE,Dermatology,33
P0000609,C00485,BE,Dermatology,28
P0000610,C00486,BE,Aesthetic Medicine,27
P0000611,C00487,BE,Aesthetic Medicine,24
P0000612,C00488,BE,Plastic Surgery,1
P0000613,C00489,BE,Dermatology,9
P0000614,C00490,BE,Aesthetic Medicine,34
P0000615,C00490,BE,GP,33
P0000616,C00491,BE,GP,24
P0000617,C00491,BE,Aesthetic Medicine,25
P0000618,C00492,BE,Aesthetic Medicine,3
P0000619,C00493,BE,Dermatology,7
P0000620,C00494,BE,Aesthetic Medicine,31
P0000621,C00495,BE,ENT,12
P0000622,C00495,BE,Dermatology,18
P0000623,C00496,BE,Dermatology,33
P0000624,C00497,BE,Dermatology,5
P0000625,C00498,BE,Plastic Surgery,34
P0000626,C00499,BE,Aesthetic Medicine,20
P0000627,C00500,BE,ENT,35
P0000628,C00501,NL,Plastic Surgery,23
P0000629,C00502,NL,Plastic Surgery,34
P0000630,C00503,NL,Dermatology,12
P0000631,C00504,NL,Dermatology,24
P0000632,C00505,NL,Aesthetic Medicine,29
P0000633,C00505,NL,Aesthetic Medicine,28
P0000634,C00505,NL,ENT,28
P0000635,C00506,NL,Plastic Surgery,18
P0000636,C00507,NL,Aesthetic Medicine,24
P0000637,C00508,NL,Dermatology,30
P0000638,C00508,NL,Aesthetic Medicine,20
P0000639,C00509,NL,Dermatology,7
P0000640,C00510,NL,Plastic Surgery,16
P0000641,C00511,NL,Dermatology,19
P0000642,C00512,NL,Dermatology,9
P0000643,C00513,NL,GP,13
P0000644,C00514,NL,Dermatology,23
P0000645,C00515,NL,ENT,35
P0000646,C00515,NL,Aesthetic Medicine,30
P0000647,C00516,NL,Dermatology,11
P0000648,C00517,NL,Aesthetic Medicine,4
P0000649,C00517,NL,ENT,32
P0000650,C00517,NL,Dermatology,21
P0000651,C00518,NL,Aesthetic Medicine,22
P0000652,C00519,NL,Plastic Surgery,30
P0000653,C00520,NL,ENT,17
P0000654,C00521,NL,GP,31
P0000655,C00522,NL,Dermatology,18
P0000656,C00523,NL,Dermatology,30
P0000657,C00524,NL,Dermatology,29
P0000658,C00525,NL,Plastic Surgery,24
P0000659,C00525,NL,ENT,10
P0000660,C00526,NL,Dermatology,8
P0000661,C00526,NL,Aesthetic Medicine,4
P0000662,C00527,NL,Dermatology,7
P0000663,C00528,NL,Dermatology,6
P0000664,C00529,NL,ENT,13
P0000665,C00530,NL,ENT,15
P0000666,C00531,NL,ENT,32
P0000667,C00532,NL,ENT,11
P0000668,C00533,NL,Aesthetic Medicine,35
P0000669,C00533,NL,Aesthetic Medicine,27
P0000670,C00534,NL,Dermatology,26
P0000671,C00535,NL,Dermatology,23
P0000672,C00535,NL,Aesthetic Medicine,2
P0000673,C00536,NL,Aesthetic Medicine,30
P0000674,C00536,NL,Plastic Surgery,15
P0000675,C00537,NL,Dermatology,17
P0000676,C00537,NL,Aesthetic Medicine,18
P0000677,C00538,NL,Aesthetic Medicine,21
P0000678,C00538,NL,Aesthetic Medicine,32
P0000679,C00539,NL,Dermatology,8
P0000680,C00540,NL,Aesthetic Medicine,10
P0000681,C00541,NL,Aesthetic Medicine,20
P0000682,C00542,NL,Plastic Surgery,26
P0000683,C00543,NL,Aesthetic Medicine,33
P0000684,C00544,NL,Aesthetic Medicine,2
P0000685,C00545,NL,ENT,35
P0000686,C00546,NL,Dermatology,1
P0000687,C00547,NL,Aesthetic Medicine,28
P0000688,C00547,NL,Plastic Surgery,18
P0000689,C00548,NL,GP,9
P0000690,C00549,NL,Dermatology,20
P0000691,C00549,NL,Aesthetic Medicine,30
P0000692,C00550,NL,Dermatology,27
P0000693,C00551,NL,GP,18
P0000694,C00552,NL,Plastic Surgery,25
P0000695,C00553,NL,Plastic Surgery,35
P0000696,C00553,NL,Dermatology,30
P0000697,C00554,NL,Dermatology,8
P0000698,C00555,NL,Dermatology,16
P0000699,C00555,NL,Dermatology,3
P0000700,C00556,NL,Plastic Surgery,2
P0000701,C00556,NL,Aesthetic Medicine,21
P0000702,C00557,NL,GP,15
P0000703,C00558,NL,Dermatology,23
P0000704,C00559,NL,Dermatology,15
P0000705,C00560,NL,Dermatology,17
P0000706,C00561,NL,Aesthetic Medicine,16
P0000707,C00562,NL,Aesthetic Medicine,6
P0000708,C00562,NL,Dermatology,27
P0000709,C00563,NL,ENT,19
P0000710,C00564,NL,Dermatology,19
P0000711,C00565,NL,Plastic Surgery,32
P0000712,C00566,NL,Dermatology,32
P0000713,C00567,NL,Dermatology,21
P0000714,C00567,NL,Dermatology,29
P0000715,C00568,NL,Aesthetic Medicine,10
P0000716,C00569,NL,Dermatology,27
P0000717,C00570,NL,ENT,34
P0000718,C00571,NL,Plastic Surgery,24
P0000719,C00572,NL,Dermatology,5
P0000720,C00572,NL,Dermatology,29
P0000721,C00573,NL,Aesthetic Medicine,12
P0000722,C00574,NL,Dermatology,9
P0000723,C00575,NL,Aesthetic Medicine,27
P0000724,C00575,NL,Dermatology,1
P0000725,C00576,NL,Plastic Surgery,27
P0000726,C00577,NL,Aesthetic Medicine,14
P0000727,C00577,NL,GP,35
P0000728,C00578,NL,Dermatology,13
P0000729,C00579,NL,Dermatology,28
P0000730,C00580,NL,Dermatology,1
P0000731,C00581,NL,GP,11
P0000732,C00582,NL,Aesthetic Medicine,15
P0000733,C00583,NL,Dermatology,31
P0000734,C00584,NL,ENT,10
P0000735,C00585,NL,Plastic Surgery,13
P0000736,C00585,NL,Plastic Surgery,22
P0000737,C00585,NL,ENT,2
P0000738,C00586,NL,Aesthetic Medicine,35
P0000739,C00587,NL,ENT,32
P0000740,C00588,NL,ENT,22
P0000741,C00589,NL,GP,22
P0000742,C00590,NL,Dermatology,34
P0000743,C00591,NL,Plastic Surgery,20
P0000744,C00592,NL,Aesthetic Medicine,7
P0000745,C00593,NL,ENT,35
P0000746,C00594,NL,Dermatology,11
P0000747,C00595,NL,Aesthetic Medicine,7
P0000748,C00596,NL,Dermatology,12
P0000749,C00597,NL,GP,19
P0000750,C00598,NL,Plastic Surgery,31
P0000751,C00598,NL,Plastic Surgery,13
P0000752,C00598,NL,GP,6
P0000753,C00599,NL,Aesthetic Medicine,10
P0000754,C00600,NL,Dermatology,12
P0000755,C00601,NL,Dermatology,29
P0000756,C00601,NL,ENT,4
P0000757,C00602,NL,ENT,31
P0000758,C00603,NL,Aesthetic Medicine,2
P0000759,C00604,NL,Dermatology,11
P0000760,C00605,NL,Aesthetic Medicine,26
P0000761,C00606,NL,Dermatology,31
P0000762,C00607,NL,Plastic Surgery,23
P0000763,C00608,NL,Plastic Surgery,21
P0000764,C00609,NL,Dermatology,6
P0000765,C00610,NL,GP,28
P0000766,C00611,NL,Plastic Surgery,28
P0000767,C00612,NL,GP,11
P0000768,C00612,NL,Dermatology,11
P0000769,C00612,NL,Plastic Surgery,6
P0000770,C00613,NL,ENT,27
P0000771,C00613,NL,Plastic Surgery,19
P0000772,C00614,NL,Dermatology,29
P0000773,C00615,NL,Plastic Surgery,26
P0000774,C00615,NL,ENT,32
P0000775,C00616,NL,Dermatology,5
P0000776,C00617,NL,Dermatology,26
P0000777,C00617,NL,Dermatology,15
P0000778,C00618,NL,Dermatology,11
P0000779,C00618,NL,Aesthetic Medicine,23
P0000780,C00619,NL,ENT,4
P0000781,C00620,NL,Dermatology,26
P0000782,C00621,LU,Dermatology,11
P0000783,C00622,LU,Aesthetic Medicine,31
P0000784,C00622,LU,ENT,26
P0000785,C00623,LU,Dermatology,26
P0000786,C00624,LU,Dermatology,14
P0000787,C00625,LU,Dermatology,9
P0000788,C00626,LU,Plastic Surgery,17
P0000789,C00627,LU,GP,9
P0000790,C00628,LU,Aesthetic Medicine,6
P0000791,C00629,LU,Aesthetic Medicine,2
P0000792,C00630,LU,Aesthetic Medicine,20
P0000793,C00631,LU,Dermatology,21
P0000794,C00632,LU,Plastic Surgery,8
P0000795,C00633,LU,Plastic Surgery,33
P0000796,C00633,LU,Aesthetic Medicine,6
P0000797,C00633,LU,GP,13
P0000798,C00634,LU,Dermatology,4
P0000799,C00634,LU,Plastic Surgery,3
P0000800,C00635,LU,Dermatology,7
P0000801,C00636,LU,Plastic Surgery,25
P0000802,C00637,LU,Plastic Surgery,19
P0000803,C00638,LU,Plastic Surgery,31
P0000804,C00639,LU,Aesthetic Medicine,24
P0000805,C00640,LU,Dermatology,12
